keyword,URL
.CO 域名,https://www.net-chinese.com.tw/nc/index.php/MenuLink/Index/cointernationaltrendingdomain
.CO 網域,https://www.net-chinese.com.tw/nc/index.php/MenuLink/Index/cointernationaltrendingdomain
.CO 網域名稱,https://www.net-chinese.com.tw/nc/index.php/MenuLink/Index/cointernationaltrendingdomain
.CO 申請,https://www.net-chinese.com.tw/nc/index.php/MenuLink/Index/cointernationaltrendingdomain
.CO 註冊,https://www.net-chinese.com.tw/nc/index.php/MenuLink/Index/cointernationaltrendingdomain
.CC 域名,https://www.net-chinese.com.tw/nc/index.php/MenuLink/Index/ccIsaCreativeNewGenerationOfHighValueAssetDomainNames
.CC 網域,https://www.net-chinese.com.tw/nc/index.php/MenuLink/Index/ccIsaCreativeNewGenerationOfHighValueAssetDomainNames
.CC 網域名稱,https://www.net-chinese.com.tw/nc/index.php/MenuLink/Index/ccIsaCreativeNewGenerationOfHighValueAssetDomainNames
.CC 申請,https://www.net-chinese.com.tw/nc/index.php/MenuLink/Index/ccIsaCreativeNewGenerationOfHighValueAssetDomainNames
.CC 註冊,https://www.net-chinese.com.tw/nc/index.php/MenuLink/Index/ccIsaCreativeNewGenerationOfHighValueAssetDomainNames
.IO 域名,https://www.net-chinese.com.tw/nc/index.php/MenuLink/Index/ioTheNewDarlingOfTechDomainNames
.IO 網域,https://www.net-chinese.com.tw/nc/index.php/MenuLink/Index/ioTheNewDarlingOfTechDomainNames
.IO 網域名稱,https://www.net-chinese.com.tw/nc/index.php/MenuLink/Index/ioTheNewDarlingOfTechDomainNames
.IO 申請,https://www.net-chinese.com.tw/nc/index.php/MenuLink/Index/ioTheNewDarlingOfTechDomainNames
.IO 註冊,https://www.net-chinese.com.tw/nc/index.php/MenuLink/Index/ioTheNewDarlingOfTechDomainNames
.AI 域名,https://www.net-chinese.com.tw/nc/index.php/MenuLink/Index/aiArtificialIntelligenceOptimalDomainName
.AI 網域,https://www.net-chinese.com.tw/nc/index.php/MenuLink/Index/aiArtificialIntelligenceOptimalDomainName
.AI 網域名稱,https://www.net-chinese.com.tw/nc/index.php/MenuLink/Index/aiArtificialIntelligenceOptimalDomainName
.AI 申請,https://www.net-chinese.com.tw/nc/index.php/MenuLink/Index/aiArtificialIntelligenceOptimalDomainName
.AI 註冊,https://www.net-chinese.com.tw/nc/index.php/MenuLink/Index/aiArtificialIntelligenceOptimalDomainName
.TV 域名,https://www.net-chinese.com.tw/nc/index.php/MenuLink/Index/TheBestChoicefortvStreamingPlatforms
.TV 網域,https://www.net-chinese.com.tw/nc/index.php/MenuLink/Index/TheBestChoicefortvStreamingPlatforms
.TV 網域名稱,https://www.net-chinese.com.tw/nc/index.php/MenuLink/Index/TheBestChoicefortvStreamingPlatforms
.TV 申請,https://www.net-chinese.com.tw/nc/index.php/MenuLink/Index/TheBestChoicefortvStreamingPlatforms
.TV 註冊,https://www.net-chinese.com.tw/nc/index.php/MenuLink/Index/TheBestChoicefortvStreamingPlatforms
.COM.HK 域名,https://www.net-chinese.com.tw/nc/index.php/MenuLink/Index/comhkExpandYourBusinessInHongKong
.COM.HK 網域,https://www.net-chinese.com.tw/nc/index.php/MenuLink/Index/comhkExpandYourBusinessInHongKong
.COM.HK 網域名稱,https://www.net-chinese.com.tw/nc/index.php/MenuLink/Index/comhkExpandYourBusinessInHongKong
.COM.HK 申請,https://www.net-chinese.com.tw/nc/index.php/MenuLink/Index/comhkExpandYourBusinessInHongKong
.COM.HK 註冊,https://www.net-chinese.com.tw/nc/index.php/MenuLink/Index/comhkExpandYourBusinessInHongKong
.JP 域名,https://www.net-chinese.com.tw/nc/index.php/MenuLink/Index/jpIsADomainNameThatPromotesTrustAmongJapaneseCustomers
.JP 網域,https://www.net-chinese.com.tw/nc/index.php/MenuLink/Index/jpIsADomainNameThatPromotesTrustAmongJapaneseCustomers
.JP 網域名稱,https://www.net-chinese.com.tw/nc/index.php/MenuLink/Index/jpIsADomainNameThatPromotesTrustAmongJapaneseCustomers
.JP 申請,https://www.net-chinese.com.tw/nc/index.php/MenuLink/Index/jpIsADomainNameThatPromotesTrustAmongJapaneseCustomers
.JP 註冊,https://www.net-chinese.com.tw/nc/index.php/MenuLink/Index/jpIsADomainNameThatPromotesTrustAmongJapaneseCustomers
.ME 域名,https://www.net-chinese.com.tw/nc/index.php/MenuLink/Index/meToCreateItsOwnCharacteristicsTheMostPersonalizedDomainName
.ME 網域,https://www.net-chinese.com.tw/nc/index.php/MenuLink/Index/meToCreateItsOwnCharacteristicsTheMostPersonalizedDomainName
.ME 網域名稱,https://www.net-chinese.com.tw/nc/index.php/MenuLink/Index/meToCreateItsOwnCharacteristicsTheMostPersonalizedDomainName
.ME 申請,https://www.net-chinese.com.tw/nc/index.php/MenuLink/Index/meToCreateItsOwnCharacteristicsTheMostPersonalizedDomainName
.ME 註冊,https://www.net-chinese.com.tw/nc/index.php/MenuLink/Index/meToCreateItsOwnCharacteristicsTheMostPersonalizedDomainName
.COM.CN 域名,https://www.net-chinese.com.tw/nc/index.php/MenuLink/Index/comcnEnterpriseLocalizationANecessaryDomainNameForTheDevelopmentOfChineseBusiness
.COM.CN 網域,https://www.net-chinese.com.tw/nc/index.php/MenuLink/Index/comcnEnterpriseLocalizationANecessaryDomainNameForTheDevelopmentOfChineseBusiness
.COM.CN 網域名稱,https://www.net-chinese.com.tw/nc/index.php/MenuLink/Index/comcnEnterpriseLocalizationANecessaryDomainNameForTheDevelopmentOfChineseBusiness
.COM.CN 申請,https://www.net-chinese.com.tw/nc/index.php/MenuLink/Index/comcnEnterpriseLocalizationANecessaryDomainNameForTheDevelopmentOfChineseBusiness
.COM.CN 註冊,https://www.net-chinese.com.tw/nc/index.php/MenuLink/Index/comcnEnterpriseLocalizationANecessaryDomainNameForTheDevelopmentOfChineseBusiness
.CN 域名,https://www.net-chinese.com.tw/nc/index.php/MenuLink/Index/cnIsTheMostTrustedDomainNameInChina
.CN 網域,https://www.net-chinese.com.tw/nc/index.php/MenuLink/Index/cnIsTheMostTrustedDomainNameInChina
.CN 網域名稱,https://www.net-chinese.com.tw/nc/index.php/MenuLink/Index/cnIsTheMostTrustedDomainNameInChina
.CN 申請,https://www.net-chinese.com.tw/nc/index.php/MenuLink/Index/cnIsTheMostTrustedDomainNameInChina
.CN 註冊,https://www.net-chinese.com.tw/nc/index.php/MenuLink/Index/cnIsTheMostTrustedDomainNameInChina
